country,gdpPercap_1952,gdpPercap_1957,gdpPercap_1962,gdpPercap_1967,gdpPercap_1972,gdpPercap_1977,gdpPercap_1982,gdpPercap_1987,gdpPercap_1992,gdpPercap_1997,gdpPercap_2002,gdpPercap_2007
Zambia,1147.388831,1311.956766,1452.725766,1777.0773179999999,1773.498265,1588.688299,1408.678565,1213.315116,1210.884633,1071.353818,1071.6139380000002,1271.211593
Zimbabwe,406.8841148,518.7642681,527.2721818,569.7950712,799.3621757999999,685.5876821,788.8550411,706.1573059,693.4207856,792.4499602999999,672.0386227000001,469.70929810000007
